,Team,Decade,Player,Games,PPG,RPG,APG,SPG,BPG,PG%,SG%,SF%,PF%,C%,Value,PG,SG,SF,PF,C,Total Positions,Positions
8,Atlanta Hawks,1960s,Bob Pettit,435,27.55,16.68,3.31,0,0,0,0,0,1,0,24.6935,0,0,0,1,0,1,PF
15,Atlanta Hawks,1960s,Clyde Lovellette,175,21.28,9.99,2.1,0,0,0,0,0,0,1,17.8523,0,0,0,0,1,1,C
66,Atlanta Hawks,1970s,Bill Bridges,178,13.06,14.63,3.51,0,0,0,0,0,1,0,18.6834,0,0,0,1,0,1,PF
104,Atlanta Hawks,1970s,John Drew,378,21.98,8.48,1.8,1.6,0.37,0,0,1,1,0,17.0104,0,0,1,1,0,2,"SF, PF"
116,Atlanta Hawks,1970s,Pete Maravich,302,24.25,4.22,5.6,0.37,0.04,0,1,0,0,0,17.6628,0,1,0,0,0,1,SG
134,Atlanta Hawks,1970s,Truck Robinson,36,22.39,12.83,2.69,1.06,0.56,0,0,0,1,0,20.277,0,0,0,1,0,1,PF
135,Atlanta Hawks,1970s,Walt Bellamy,338,15.65,12.2,2.8,0.15,0.14,0,0,0,0,1,17.683,0,0,0,0,1,1,C
148,Atlanta Hawks,1980s,Dan Roundfield,355,18.08,10.68,2.58,1.02,1.52,0,0,0,1,0,17.7456,0,0,0,1,0,1,PF
150,Atlanta Hawks,1980s,Dominique Wilkins,559,26.04,6.77,2.43,1.45,0.72,0,0,1,0,0,17.3653,0,0,1,0,0,1,SF
177,Atlanta Hawks,1980s,Moses Malone,81,20.21,11.8,1.38,0.98,1.23,0,0,0,0,1,17.8735,0,0,0,0,1,1,C
222,Atlanta Hawks,1990s,Dikembe Mutombo,212,12.77,11.66,1.17,0.47,3.25,0,0,0,0,1,17.6021,0,0,0,0,1,1,C
224,Atlanta Hawks,1990s,Dominique Wilkins,323,27.04,7.23,2.98,1.34,0.57,0,0.0266,0.5813,0.3833,0.0089,17.9488,0,0,1,1,0,2,"SF, PF"
300,Atlanta Hawks,2000s,Antoine Walker,53,20.42,9.38,3.66,1.21,0.6,0,0,0.111,0.8192,0.0682,17.2737,0,0,1,1,1,3,"SF, PF, C"
316,Atlanta Hawks,2000s,Dikembe Mutombo,131,10.59,14.12,1.21,0.36,3.1,0,0,0,0.0004,0.9996,17.9631,0,0,0,0,1,1,C
370,Atlanta Hawks,2000s,Rasheed Wallace,1,20,6,2,1,5,0,0,0.0507,0.6032,0.3466,20.64,0,0,1,1,1,3,"SF, PF, C"
451,Atlanta Hawks,2010s,Josh Smith,300,17.03,8.78,3.92,1.39,1.81,0,0,0.1426,0.7557,0.1018,18.0386,0,0,1,1,1,3,"SF, PF, C"
574,Atlanta Hawks,2020s,Trae Young,412,26.37,3.4,10.16,1.08,0.15,1,0,0,0,0,18.9983,1,0,0,0,0,1,PG
587,Boston Celtics,1960s,Bill Russell,776,14.83,22.55,4.62,0,0,0,0,0,0,1,24.6573,0,0,0,0,1,1,C
643,Boston Celtics,1970s,Dave Cowens,660,18.56,14.6,3.97,0.76,0.62,0,0,0,0,1,20.8255,0,0,0,0,1,1,C
662,Boston Celtics,1970s,John Havlicek,719,21.9,6.4,5.82,0.66,0.16,0,1,1,0,0,18.2886,0,1,1,0,0,2,"SG, SF"
715,Boston Celtics,1980s,Larry Bird,717,24.96,10.21,6.13,1.81,0.84,0,0,1,1,0,22.0091,0,0,1,1,0,2,"SF, PF"
726,Boston Celtics,1980s,Robert Parish,714,17.96,10.38,1.82,0.84,1.72,0,0,0,0,1,17.1268,0,0,0,0,1,1,C
740,Boston Celtics,1990s,Antoine Walker,206,19.7,9.4,3.23,1.5,0.68,0,0,0.1102,0.8196,0.0672,17.2679,0,0,1,1,1,3,"SF, PF, C"
784,Boston Celtics,1990s,Larry Bird,180,21.62,9.19,7.22,1.42,0.84,0,0,1,0,0,20.4553,0,0,1,0,0,1,SF
826,Boston Celtics,2000s,Antoine Walker,346,21.18,8.23,4.63,1.5,0.51,0,0,0.111,0.8192,0.0682,17.6993,0,0,1,1,1,3,"SF, PF, C"
879,Boston Celtics,2000s,Paul Pierce,765,23.28,6.27,4.01,1.55,0.63,0.001,0.3479,0.628,0.0222,0.0009,17.1168,0,1,1,0,0,2,"SG, SF"
1040,Boston Celtics,2020s,Jayson Tatum,442,26.64,8.09,4.6,1.12,0.62,0,0.0418,0.4126,0.5231,0.0193,19.1345,0,0,1,1,0,2,"SF, PF"
1086,Brooklyn Nets,1970s,Bernard King,161,22.84,8.82,3.03,1.49,0.47,0,0,1,0,0,18.2783,0,0,1,0,0,1,SF
1104,Brooklyn Nets,1970s,Kevin Porter,74,16.18,2.69,10.82,1.59,0.2,1,0,0,0,0,17.3049,1,0,0,0,0,1,PG
1226,Brooklyn Nets,1990s,Derrick Coleman,348,19.91,10.6,3.14,0.92,1.61,0,0,0.003,0.7259,0.2738,18.6839,0,0,0,1,1,2,"PF, C"
1345,Brooklyn Nets,2000s,Jason Kidd,506,14.57,7.24,9.13,1.88,0.27,0.9232,0.0769,0.0008,0,0,17.821,1,1,0,0,0,2,"PG, SG"
1570,Brooklyn Nets,2020s,James Harden,80,23.44,8.22,10.49,1.27,0.72,0.508,0.4372,0.058,0,0,22.1824,1,1,1,0,0,3,"PG, SG, SF"
1583,Brooklyn Nets,2020s,Kevin Durant,129,29.02,7.1,5.84,0.81,1.19,0,0.0629,0.1544,0.6185,0.1678,20.6244,0,1,1,1,1,4,"SG, SF, PF, C"
1585,Brooklyn Nets,2020s,Kyrie Irving,143,27.13,4.83,5.8,1.29,0.68,0.652,0.3252,0.0245,0,0,18.446,1,1,0,0,0,2,"PG, SG"
1648,Charlotte Hornets,1990s,Alonzo Mourning,215,21.25,10.12,1.27,0.48,3.18,0,0,0,0.0998,0.9002,19.5441,0,0,0,1,1,2,"PF, C"
1857,Charlotte Hornets,2010s,Dwight Howard,81,16.63,12.49,1.3,0.59,1.62,0,0,0,0.0053,0.9947,17.1144,0,0,0,0,1,1,C
1965,Charlotte Hornets,2020s,LaMelo Ball,303,20.81,5.7,7.34,1.41,0.31,0.8483,0.1502,0.0008,0,0,17.362,1,1,0,0,0,2,"PG, SG"
2016,Chicago Bulls,1960s,Guy Rodgers,85,17.65,4.24,11.01,0,0,1,0,0,0,0,18.8389,1,0,0,0,0,1,PG
2032,Chicago Bulls,1970s,Artis Gilmore,246,21.73,12.94,2.99,0.55,2.2,0,0,0,0,1,20.3065,0,0,0,0,1,1,C
2042,Chicago Bulls,1970s,Clem Haskins,82,20.34,4.61,7.61,0,0,0,1,0,0,0,17.8298,0,1,0,0,0,1,SG
2138,Chicago Bulls,1980s,Michael Jordan,345,32.65,6.17,5.93,2.79,1.19,0,1,0,0,0,23.9208,0,1,0,0,0,1,SG
2217,Chicago Bulls,1990s,Michael Jordan,585,30.79,6.34,5.07,2.3,0.71,0.05,0.8498,0.1004,0,0,21.4708,1,1,1,0,0,3,"PG, SG, SF"
2228,Chicago Bulls,1990s,Scottie Pippen,681,19.55,7.22,5.9,2.26,0.96,0,0.0607,0.8811,0.0643,0.0017,19.0272,0,1,1,1,0,3,"SG, SF, PF"
2266,Chicago Bulls,2000s,Elton Brand,155,20.11,10.04,2.55,0.88,1.61,0,0,0.0182,0.7776,0.2053,17.9982,0,0,0,1,1,2,"PF, C"
2395,Chicago Bulls,2010s,Pau Gasol,150,17.55,11.41,3.36,0.45,1.95,0,0,0,0.2894,0.713,18.4187,0,0,0,1,1,2,"PF, C"
2457,Chicago Bulls,2020s,Josh Giddey,124,15.65,8.18,8.04,1.12,0.58,0.2368,0.2781,0.2298,0.2196,0.0358,17.5562,1,1,1,1,0,4,"PG, SG, SF, PF"
2536,Cleveland Cavaliers,1970s,Lenny Wilkens,149,18.46,4.18,7.72,0.65,0.11,1,0,0,0,0,17.0062,1,0,0,0,0,1,PG
2604,Cleveland Cavaliers,1980s,Larry Nance,100,16.96,7.94,2.43,0.75,2.69,0,0,0,1,0,17.1189,0,0,0,1,0,1,PF
2646,Cleveland Cavaliers,1990s,Brad Daugherty,311,19.87,10.28,3.56,0.84,0.77,0,0,0,0,1,17.3409,0,0,0,0,1,1,C
2684,Cleveland Cavaliers,1990s,Larry Nance,333,16.7,8.31,2.71,0.84,2.46,0,0,0,1,0,17.1848,0,0,0,1,0,1,PF
2698,Cleveland Cavaliers,1990s,Ron Harper,7,22,6.86,7,2,1.29,0.6037,0.3166,0.0797,0,0,20.5169,1,1,1,0,0,3,"PG, SG, SF"
2780,Cleveland Cavaliers,2000s,LeBron James,472,27.53,7.01,6.69,1.76,0.86,0.0198,0.1074,0.7674,0.1025,0.0014,21.3142,0,1,1,1,0,3,"SG, SF, PF"
2862,Cleveland Cavaliers,2010s,Edy Tavares,1,6,10,1,0,6,0,0,0,0,1,17.87,0,0,0,0,1,1,C
2895,Cleveland Cavaliers,2010s,LeBron James,377,26.86,7.65,8.14,1.45,0.77,0.0449,0.0301,0.4966,0.4,0.0309,21.8381,0,0,1,1,0,2,"SF, PF"
2939,Cleveland Cavaliers,2020s,Andre Drummond,33,17.48,12.91,2.36,1.58,1.21,0,0,0,0.0082,0.9918,18.9606,0,0,0,0,1,1,C
2960,Cleveland Cavaliers,2020s,Donovan Mitchell,264,26.66,4.57,5.25,1.51,0.36,0.372,0.5734,0.0515,0.0031,0,17.5741,1,1,1,0,0,3,"PG, SG, SF"
3198,Dallas Mavericks,2000s,Dirk Nowitzki,792,23.61,8.86,2.78,0.94,1.05,0,0,0.0102,0.6928,0.297,17.8463,0,0,0,1,1,2,"PF, C"
3338,Dallas Mavericks,2010s,Luka DonÄiÄ,72,21.19,7.82,5.96,1.07,0.35,0.291,0.574,0.135,0,0,17.496,1,1,1,0,0,3,"PG, SG, SF"
3382,Dallas Mavericks,2020s,Anthony Davis,29,20.24,10.76,3.31,0.93,1.83,0,0,0,0.2452,0.7557,19.3515,0,0,0,1,1,2,"PF, C"
3433,Dallas Mavericks,2020s,Kyrie Irving,128,25.47,4.92,5.08,1.29,0.49,0.652,0.3252,0.0245,0,0,17.1866,1,1,0,0,0,2,"PG, SG"
3434,Dallas Mavericks,2020s,Luka DonÄiÄ,350,30.18,8.83,8.74,1.24,0.47,0.7066,0.2672,0.0249,0,0,23.3052,1,1,0,0,0,2,"PG, SG"
3477,Denver Nuggets,1970s,Dan Issel,242,20.21,9.36,3.04,1.04,0.48,0,0,0,0,1,17.709,0,0,0,0,1,1,C
3479,Denver Nuggets,1970s,David Thompson,238,25.72,4.19,3.88,1.16,0.98,0,1,0,0,0,17.0613,0,1,0,0,0,1,SG
3482,Denver Nuggets,1970s,George McGinnis,76,22.57,11.37,3.72,1.7,0.68,0,0,0,1,0,20.1257,0,0,0,1,0,1,PF
3500,Denver Nuggets,1980s,Alex English,757,26.7,5.81,4.56,1.06,0.79,0,0,1,0,0,17.9706,0,0,1,0,0,1,SF
3525,Denver Nuggets,1980s,Fat Lever,395,16.81,7.31,7.72,2.53,0.3,1,1,0,0,0,18.6206,1,1,0,0,0,2,"PG, SG"
3528,Denver Nuggets,1980s,George McGinnis,45,15.62,10.27,4.91,1.53,0.38,0,0,0,1,0,17.0261,0,0,0,1,0,1,PF
3585,Denver Nuggets,1990s,Dikembe Mutombo,391,12.93,12.3,1.66,0.57,3.8,0,0,0,0,1,19.3243,0,0,0,0,1,1,C
3596,Denver Nuggets,1990s,Fat Lever,79,18.27,9.29,6.54,2.13,0.16,0,1,0,0,0,18.8088,0,1,0,0,0,1,SG
3659,Denver Nuggets,2000s,Allen Iverson,135,25.64,2.99,7.15,1.87,0.19,0.5285,0.4604,0.011,0,0,17.693,1,1,0,0,0,2,"PG, SG"
3663,Denver Nuggets,2000s,Antonio McDyess,161,19.39,9.84,2.01,0.76,1.55,0,0,0.0321,0.9267,0.0404,17.0474,0,0,0,1,0,1,PF
3714,Denver Nuggets,2000s,Marcus Camby,372,10.08,11.07,2.49,1.12,3.03,0,0,0,0.2694,0.7334,17.6685,0,0,0,1,1,2,"PF, C"
3763,Denver Nuggets,2010s,Carmelo Anthony,119,26.91,7.03,3.04,1.1,0.51,0,0.0044,0.5766,0.4044,0.0168,17.4218,0,0,1,1,0,2,"SF, PF"
3878,Denver Nuggets,2020s,Nikola JokiÄ,502,25.9,12.01,8.95,1.4,0.73,0,0,0,0.0014,0.9986,24.4679,0,0,0,0,1,1,C
3902,Detroit Pistons,1960s,Bailey Howell,387,21.14,11.84,2.28,0,0,0,0,1,1,0,19.0096,0,0,1,1,0,2,"SF, PF"
3916,Detroit Pistons,1960s,Dave Bing,236,23.49,4.72,5.87,0,0,1,0,0,0,0,17.8695,1,0,0,0,0,1,PG
3917,Detroit Pistons,1960s,Dave DeBusschere,440,16.13,11.24,2.62,0,0,0,0,1,1,0,17.1664,0,0,1,1,0,2,"SF, PF"
3928,Detroit Pistons,1960s,Gene Shue,233,21.45,4.79,5.54,0,0,1,0,0,0,0,17.0093,1,0,0,0,0,1,PG
3932,Detroit Pistons,1960s,Happy Hairston,107,18.26,11.41,1.36,0,0,0,0,0,1,0,17.1971,0,0,0,1,0,1,PF
3960,Detroit Pistons,1960s,Walt Bellamy,53,18.75,13.51,1.87,0,0,0,0,0,0,1,18.924,0,0,0,0,1,1,C
3972,Detroit Pistons,1970s,Bob Lanier,644,22.8,11.94,3.31,0.72,1.24,0,0,0,0,1,20.2819,0,0,0,0,1,1,C
3979,Detroit Pistons,1970s,Dave Bing,439,22.08,3.9,6.71,0.51,0.1,1,0,0,0,0,17.4355,1,0,0,0,0,1,PG
4037,Detroit Pistons,1980s,Bob Lanier,37,21.68,10.08,3.3,1.03,1.62,0,0,0,0,1,19.2371,0,0,0,0,1,1,C
4038,Detroit Pistons,1980s,Bob McAdoo,64,20.22,7.94,3.44,1.27,1.12,0,0,0,1,0,17.1009,0,0,0,1,0,1,PF
4056,Detroit Pistons,1980s,Isiah Thomas,635,20.26,3.74,9.8,2.11,0.29,1,0,0,0,0,18.4404,1,0,0,0,0,1,PG
4141,Detroit Pistons,1990s,Grant Hill,361,20.74,8.11,6.47,1.64,0.66,0,0.0115,0.8993,0.0834,0,19.0512,0,0,1,1,0,2,"SF, PF"
4205,Detroit Pistons,2000s,Ben Wallace,470,7.91,12.87,1.65,1.58,2.76,0,0,0,0.2464,0.7557,17.6384,0,0,0,1,1,2,"PF, C"
4229,Detroit Pistons,2000s,Grant Hill,74,25.76,6.62,5.2,1.39,0.58,0,0.1456,0.7724,0.083,0,18.6323,0,1,1,1,0,3,"SG, SF, PF"
4277,Detroit Pistons,2010s,Andre Drummond,542,14.13,13.7,1.15,1.34,1.56,0,0,0,0,1,17.7583,0,0,0,0,1,1,C
4285,Detroit Pistons,2010s,Blake Griffin,100,23.37,7.31,5.57,0.63,0.37,0,0,0,0.8556,0.1453,17.154,0,0,0,1,1,2,"PF, C"
4361,Detroit Pistons,2020s,Andre Drummond,49,17.76,15.82,2.82,1.98,1.67,0,0,0,0.0082,0.9918,22.2915,0,0,0,0,1,1,C
4370,Detroit Pistons,2020s,Cade Cunningham,272,22.5,5.43,7.96,1.13,0.66,0.6013,0.2938,0.1004,0.0045,0,18.3492,1,1,1,0,0,3,"PG, SG, SF"
4502,Golden State Warriors,1960s,Nate Thurmond,413,16.41,17.92,2.39,0,0,0,0,0,1,1,21.0579,0,0,0,1,1,2,"PF, C"
4503,Golden State Warriors,1960s,Paul Arizin,229,22.46,7.99,2.42,0,0,0,0,1,0,0,17.2751,0,0,1,0,0,1,SF
4506,Golden State Warriors,1960s,Rick Barry,158,30.59,9.9,2.88,0,0,0,0,1,0,0,21.456,0,0,1,0,0,1,SF
4508,Golden State Warriors,1960s,Rudy LaRusso,154,21.27,8.86,2.21,0,0,0,0,1,1,0,17.2515,0,0,1,1,0,2,"SF, PF"
4516,Golden State Warriors,1960s,Wilt Chamberlain,429,41.45,25.09923077,3.04,0,0,0,0,0,0,1,34.21674615,0,0,0,0,1,1,C
4542,Golden State Warriors,1970s,Jerry Lucas,143,17.51,15.18,3.21,0,0,0,0,0,1,0,20.3319,0,0,0,1,0,1,PF
4551,Golden State Warriors,1970s,Nate Thurmond,344,18.63915698,15.61020349,3.145406977,0.120959302,0.522034884,0,0,0,0,1,20.92893983,0,0,0,0,1,1,C
4560,Golden State Warriors,1970s,Rick Barry,484,23.99,6.39,5.77,1.92,0.42,0,0,1,0,0,18.9618,0,0,1,0,0,1,SF
4599,Golden State Warriors,1980s,Joe Barry Carroll,491,20.36,8.29,1.95,1.08,1.7,0,0,0,0,1,17.0702,0,0,0,0,1,1,C
4674,Golden State Warriors,1990s,Chris Webber,76,17.54,9.13,3.58,1.22,2.16,0,0,0,0.4929,0.5071,18.5275,0,0,0,1,1,2,"PF, C"
4736,Golden State Warriors,1990s,Tim Hardaway,422,19.76,3.64,9.3,1.95,0.17,1,0,0,0,0,17.504,1,0,0,0,0,1,PG
4764,Golden State Warriors,2000s,Baron Davis,227,20.12,4.43,8.13,2.05,0.42,0.8084,0.1937,0,0,0,17.8719,1,1,0,0,0,2,"PG, SG"
4914,Golden State Warriors,2010s,Kevin Durant,208,25.84,7.09,5.4,0.84,1.45,0,0.0126,0.6439,0.3148,0.03,19.7018,0,0,1,1,0,2,"SF, PF"
4927,Golden State Warriors,2010s,Monta Ellis,181,24.15,3.67,5.6,2.03,0.33,0.1282,0.8447,0.0292,0,0,17.0345,1,1,0,0,0,2,"PG, SG"
4941,Golden State Warriors,2010s,Stephen Curry,694,23.51,4.51,6.61,1.73,0.22,0.9527,0.0476,0,0,0,17.3913,1,0,0,0,0,1,PG
5014,Golden State Warriors,2020s,Stephen Curry,375,27.23,4.91,5.75,1.07,0.34,0.946,0.054,0,0,0,17.6849,1,1,0,0,0,2,"PG, SG"
5025,Houston Rockets,1960s,Don Kojis,150,21.2,9.91,2.6,0,0,0,0,1,0,0,18.0929,0,0,1,0,0,1,SF
5026,Houston Rockets,1960s,Elvin Hayes,82,28.38,17.15,1.38,0,0,0,0,0,0,1,24.0371,0,0,0,0,1,1,C
5058,Houston Rockets,1970s,Elvin Hayes,246,27.11333333,16.04,2.51,0,0,0,0,0,0,1,23.66343333,0,0,0,0,1,1,C
5083,Houston Rockets,1970s,Moses Malone,221,19.27,15.39,1.21,0.88,1.7,0,0,0,0,1,19.7942,0,0,0,0,1,1,C
5127,Houston Rockets,1980s,Hakeem Olajuwon,386,23.01,12.12,2.02,1.94,3.11,0,0,0,0,1,23.5699,0,0,0,0,1,1,C
5148,Houston Rockets,1980s,Moses Malone,243,28.23,14.64,1.77,0.98,1.57,0,0,0,0,1,23.0486,0,0,0,0,1,1,C
5153,Houston Rockets,1980s,Ralph Sampson,305,19.66,10.46,2.71,1.01,1.92,0,0,0,1,1,18.842,0,0,0,1,1,2,"PF, C"
5180,Houston Rockets,1990s,Charles Barkley,163,16.74,12.43,4.03,1.12,0.4,0,0,0.1171,0.8584,0.0269,17.629,0,0,1,1,0,2,"SF, PF"
5199,Houston Rockets,1990s,Hakeem Olajuwon,689,23.92,11.61,3.02,1.78,3.46,0,0,0,0,1,24.5445,0,0,0,0,1,1,C
5327,Houston Rockets,2000s,Tracy McGrady,297,23.13,5.6,5.7,1.33,0.59,0.0172,0.5725,0.3782,0.0326,0,17.3894,0,1,1,0,0,2,"SG, SF"
5384,Houston Rockets,2010s,James Harden,545,29.05,5.96,7.71,1.75,0.59,0.1948,0.6907,0.1116,0.0019,0,21.4227,1,1,1,0,0,3,"PG, SG, SF"
5494,Houston Rockets,2020s,James Harden,76,33.33,6.41,7.83,1.74,0.87,0.508,0.4372,0.058,0,0,23.6401,1,1,1,0,0,3,"PG, SG, SF"
5504,Houston Rockets,2020s,Kevin Durant,78,25.97,5.46,4.77,0.79,0.91,0,0.0629,0.1544,0.6185,0.1678,17.4859,0,1,1,1,1,4,"SG, SF, PF, C"
5519,Houston Rockets,2020s,Russell Westbrook,57,27.25,7.91,7.04,1.63,0.35,0.7392,0.2095,0.0477,0.0077,0,21.0123,1,1,0,0,0,2,"PG, SG"
5533,Indiana Pacers,1970s,Adrian Dantley,23,26.48,9.39,2.83,2.09,0.74,0,0,1,0,0,19.7262,0,0,1,0,0,1,SF
5616,Indiana Pacers,1980s,Mickey Johnson,82,19.1,8.3,4.2,1.87,1.37,0,0,0,1,0,18.5728,0,0,0,1,0,1,PF
5725,Indiana Pacers,2000s,Jermaine O'Neal,514,18.64,9.6,1.96,0.66,2.42,0,0,0.0011,0.4551,0.545,17.8388,0,0,0,1,1,2,"PF, C"
5846,Indiana Pacers,2010s,Victor Oladipo,111,21.71,5.33,4.59,2.14,0.61,0.1745,0.7551,0.0702,0,0,17.1239,1,1,1,0,0,3,"PG, SG, SF"
5866,Indiana Pacers,2020s,Domantas Sabonis,171,19.27,12.16,5.62,0.99,0.5,0,0,0,0.2472,0.7541,19.3189,0,0,0,1,1,2,"PF, C"
5926,Indiana Pacers,2020s,Tyrese Haliburton,224,19.47,3.78,10.08,1.46,0.61,0.5622,0.4044,0.0341,0,0,18.0293,1,1,0,0,0,2,"PG, SG"
5933,Los Angeles Clippers,1970s,Billy Knight,53,22.92,7.23,3.04,1.55,0.25,0,0,1,0,0,17.3737,0,0,1,0,0,1,SF
5937,Los Angeles Clippers,1970s,Bob McAdoo,334,28.25,12.66,2.6,0.87,2.49,0,0,0,1,1,22.1124,0,0,0,1,1,2,"PF, C"
5952,Los Angeles Clippers,1970s,Elmore Smith,154,17.79,13.83,1.97,0,1.95,0,0,0,0,1,18.8494,0,0,0,0,1,1,C
6008,Los Angeles Clippers,1970s,World B. Free,78,28.77,3.86,4.36,1.42,0.45,1,0,0,0,0,18.206,1,0,0,0,0,1,PG
6102,Los Angeles Clippers,1980s,Terry Cummings,151,23.27,10.07,2.09,1.46,0.79,0,0,0,1,0,18.2777,0,0,0,1,0,1,PF
6110,Los Angeles Clippers,1980s,World B. Free,68,30.22,3.5,4.16,1.19,0.47,0,1,0,0,0,17.2242,0,1,0,0,0,1,SG
6114,Los Angeles Clippers,1990s,Benoit Benjamin,110,14,10.24,2.12,0.77,2.53,0,0,0,0,1,17.052,0,0,0,0,1,1,C
6129,Los Angeles Clippers,1990s,Dominique Wilkins,25,29.08,7.04,2.2,1.16,0.32,0,0.0266,0.5813,0.3833,0.0089,17.4192,0,0,1,1,0,2,"SF, PF"
6225,Los Angeles Clippers,2000s,Elton Brand,459,20.34,10.26,2.71,0.95,2.26,0,0,0.0182,0.7776,0.2053,19.4048,0,0,0,1,1,2,"PF, C"
6301,Los Angeles Clippers,2010s,Blake Griffin,504,21.55,9.3,4.23,0.96,0.55,0,0,0,0.8556,0.1453,17.5698,0,0,0,1,1,2,"PF, C"
6317,Los Angeles Clippers,2010s,Chris Paul,409,18.76,4.24,9.84,2.21,0.13,1,0.0012,0,0,0,18.1316,1,0,0,0,0,1,PG
6436,Los Angeles Clippers,2020s,James Harden,195,21.09,5.32,8.51,1.29,0.66,0.508,0.4372,0.058,0,0,18.3578,1,1,1,0,0,3,"PG, SG, SF"
6449,Los Angeles Clippers,2020s,Kawhi Leonard,331,25.06,6.42,4.07,1.66,0.56,0.0032,0.261,0.491,0.2405,0.0115,17.8817,0,1,1,1,0,3,"SG, SF, PF"
6512,Los Angeles Lakers,1960s,Elgin Baylor,711,28.10638537,13.76142053,4.290407876,0,0,0,0,1,0,0,23.7783661,0,0,1,0,0,1,SF
6526,Los Angeles Lakers,1960s,Jerry West,612,27.51,6.5,5.67,0,0,1,1,0,0,0,20.1605,1,1,0,0,0,2,"PG, SG"
6550,Los Angeles Lakers,1960s,Wilt Chamberlain,81,20.54,21.14,4.52,0,0,0,0,0,0,1,25.7038,0,0,0,0,1,1,C
6573,Los Angeles Lakers,1970s,Elgin Baylor,65,21.91,9.65,4.8,0,0,0,0,1,0,0,19.5669,0,0,1,0,0,1,SF
6579,Los Angeles Lakers,1970s,Happy Hairston,394,15.21,12.4,2.34,0.29,0.07,0,0,0,1,0,17.3616,0,0,0,1,0,1,PF
6582,Los Angeles Lakers,1970s,Jerry West,320,26.12,4.34,8.65,0.25,0.07,1,0,0,0,0,20.2909,1,0,0,0,0,1,PG
6592,Los Angeles Lakers,1970s,Kareem Abdul-Jabbar,306,25.92,14.05,4.68,1.3,3.59,0,0,0,0,1,23.4507,0,0,0,0,1,1,C
6618,Los Angeles Lakers,1970s,Wilt Chamberlain,258,16.75,18.65,4.24,0,1.73,0,0,0,0,1,22.7697,0,0,0,0,1,1,C
6646,Los Angeles Lakers,1980s,Kareem Abdul-Jabbar,787,20.64,7.6,2.82,0.74,2.03,0,0,0,0,1,17.3793,0,0,0,0,1,1,C
6651,Los Angeles Lakers,1980s,Magic Johnson,716,19.47,7.41,11.21,2.04,0.43,1,1,0,0,0,21.3521,1,1,0,0,0,2,"PG, SG"
6719,Los Angeles Lakers,1990s,Magic Johnson,190,19.81,6.61,11.14,1.37,0.34,1,0,0,1,0,19.9478,1,0,0,1,0,2,"PG, PF"
6740,Los Angeles Lakers,1990s,Shaquille O'Neal,160,27.02,11.54,2.59,0.76,2.33,0,0,0,0,1,22.219,0,0,0,0,1,1,C
6786,Los Angeles Lakers,2000s,Kobe Bryant,748,28.16,5.86,5.24,1.67,0.58,0.0136,0.8728,0.1128,0,0,19.3863,0,1,1,0,0,2,"SG, SF"
6807,Los Angeles Lakers,2000s,Shaquille O'Neal,354,27.04,11.99,3.33,0.55,2.56,0,0,0,0,1,23.0431,0,0,0,0,1,1,C
6848,Los Angeles Lakers,2010s,Dwight Howard,76,17.05,12.43,1.42,1.11,2.45,0,0,0,0.0053,0.9947,19.2547,0,0,0,0,1,1,C
6880,Los Angeles Lakers,2010s,LeBron James,55,27.36,8.45,8.25,1.31,0.6,0.0449,0.0301,0.4966,0.4,0.0309,22.1053,0,0,1,1,0,2,"SF, PF"
6895,Los Angeles Lakers,2010s,Pau Gasol,321,17.36,10.12,3.52,0.54,1.51,0,0,0,0.2894,0.713,17.1279,0,0,0,1,1,2,"PF, C"
6930,Los Angeles Lakers,2020s,Anthony Davis,312,24.8,10.96,3.16,1.25,2.16,0,0,0,0.2452,0.7557,21.8497,0,0,0,1,1,2,"PF, C"
6981,Los Angeles Lakers,2020s,LeBron James,424,25.7,7.58,7.91,1.13,0.62,0.1634,0.1205,0.2108,0.4055,0.1033,20.6122,1,1,1,1,1,5,"PG, SG, SF, PF, C"
6983,Los Angeles Lakers,2020s,Luka DonÄiÄ,92,31.87,7.84,8.05,1.63,0.5,0.7066,0.2672,0.0249,0,0,23.4106,1,1,0,0,0,2,"PG, SG"
7149,Memphis Grizzlies,2000s,Shareef Abdur-Rahim,163,20.4,9.57,3.2,1.1,1.01,0,0.0027,0.2375,0.6572,0.1062,17.5828,0,0,1,1,1,3,"SF, PF, C"
7211,Memphis Grizzlies,2010s,Jonas ValanÄiÅ«nas,19,19.95,10.68,2.16,0.32,1.58,0,0,0,0.0136,0.9878,17.3068,0,0,0,0,1,1,C
7387,Miami Heat,1990s,Alonzo Mourning,240,20.72,10.2,1.62,0.83,2.87,0,0,0,0.0998,0.9002,19.6026,0,0,0,1,1,2,"PF, C"
7491,Miami Heat,2000s,Dwyane Wade,394,25.18,4.89,6.66,1.83,0.96,0.1668,0.8096,0.0252,0,0,19.4908,1,1,0,0,0,2,"PG, SG"
7611,Miami Heat,2010s,LeBron James,294,26.94,7.57,6.73,1.66,0.66,0.0449,0.0301,0.4966,0.4,0.0309,21.0302,0,0,1,1,0,2,"SF, PF"
7650,Miami Heat,2020s,Bam Adebayo,489,18.78,9.77,4.07,1.21,0.88,0,0,0,0.1879,0.8136,17.6385,0,0,0,1,1,2,"PF, C"
7674,Miami Heat,2020s,Jimmy Butler,316,20.98,6.03,5.66,1.67,0.4,0,0.0068,0.4528,0.5357,0.0044,17.031,0,0,1,1,0,2,"SF, PF"
7774,Milwaukee Bucks,1970s,Kareem Abdul-Jabbar,467,30.43,15.33,4.3,0.38,1.06,0,0,0,0,1,25.4999,0,0,0,0,1,1,C
7780,Milwaukee Bucks,1970s,Marques Johnson,157,22.48,9.13,2.7,1.32,1.22,0,0,1,0,0,18.1309,0,0,1,0,0,1,SF
8099,Milwaukee Bucks,2010s,Giannis Antetokounmpo,465,18.81,8.27,4.13,1.2,1.35,0.0659,0.1507,0.2628,0.4453,0.0741,17.5171,1,1,1,1,1,5,"PG, SG, SF, PF, C"
8190,Milwaukee Bucks,2020s,Damian Lillard,131,24.6,4.52,7.01,1.08,0.21,0.9817,0.0183,0,0,0,17.1658,1,0,0,0,0,1,PG
8205,Milwaukee Bucks,2020s,Giannis Antetokounmpo,430,29.73,11.72,5.96,1.01,1.07,0,0,0.0111,0.6795,0.3094,23.7392,0,0,0,1,1,2,"PF, C"
8304,Minnesota Timberwolves,1990s,Kevin Garnett,286,16.22,8.37,3.26,1.43,1.84,0,0,0.2227,0.6358,0.1401,17.2036,0,0,1,1,1,3,"SF, PF, C"
8341,Minnesota Timberwolves,1990s,Tom Gugliotta,231,18.19,8.53,3.81,1.69,1.02,0,0,0.1318,0.6119,0.2563,17.3787,0,0,1,1,1,3,"SF, PF, C"
8347,Minnesota Timberwolves,2000s,Al Jefferson,132,21.83,11.05,1.48,0.86,1.53,0,0,0,0.1649,0.8351,18.355,0,0,0,1,1,2,"PF, C"
8378,Minnesota Timberwolves,2000s,Kevin Garnett,641,22.47,12.71,5.02,1.36,1.64,0,0,0.0542,0.7574,0.1895,22.5977,0,0,1,1,1,3,"SF, PF, C"
8470,Minnesota Timberwolves,2010s,Jimmy Butler,69,22.03,5.3,4.8,2.03,0.49,0.0012,0.4133,0.5202,0.0655,0,17.0194,0,1,1,1,0,3,"SG, SF, PF"
8478,Minnesota Timberwolves,2010s,Karl-Anthony Towns,323,22.25,11.86,2.6,0.76,1.49,0,0,0,0.0166,0.9834,19.4903,0,0,0,0,1,1,C
8481,Minnesota Timberwolves,2010s,Kevin Love,283,21.52,13.14,2.88,0.73,0.43,0,0,0,0.7563,0.2447,18.492,0,0,0,1,1,2,"PF, C"
8566,Minnesota Timberwolves,2020s,Karl-Anthony Towns,250,23.74,9.54,3.9,0.83,0.96,0,0,0,0.1441,0.8559,18.7159,0,0,0,1,1,2,"PF, C"
8612,New Orleans Pelicans,2000s,Chris Paul,300,19.42133333,4.779466667,9.884733333,2.418133333,0.0758,0.9128,0.0894,0,0,0,18.88740267,1,1,0,0,0,2,"PG, SG"
8671,New Orleans Pelicans,2010s,Anthony Davis,466,23.72939914,10.5323176,2.110085837,1.368412017,2.405622318,0,0,0,0.4951,0.5049,21.10538326,0,0,0,1,1,2,"PF, C"
8687,New Orleans Pelicans,2010s,Chris Paul,125,16.87,4.14,10.1,2.27,0.1,1,0.0012,0,0,0,17.6247,1,0,0,0,0,1,PG
8700,New Orleans Pelicans,2010s,DeMarcus Cousins,65,24.98,12.74,4.97,1.6,1.46,0,0,0,0.1322,0.8703,23.4679,0,0,0,1,1,2,"PF, C"
8895,New York Knicks,1960s,Dave DeBusschere,47,16.36,11.38,2.72,0,0,0,0,0,1,0,17.3902,0,0,0,1,0,1,PF
8932,New York Knicks,1960s,Richie Guerin,312,23.61,6.31,5.97,0,0,0,1,0,0,0,18.9114,0,1,0,0,0,1,SG
8938,New York Knicks,1960s,Walt Bellamy,268,18.93,13.29,2.48,0,0,0,0,0,0,1,19.2397,0,0,0,0,1,1,C
8943,New York Knicks,1960s,Willie Naulls,242,22.72,12.57,2.33,0,0,0,0,1,0,0,20.009,0,0,1,0,0,1,SF
8944,New York Knicks,1960s,Willis Reed,397,19.61,13.75,1.76,0,0,0,0,0,1,1,19.2887,0,0,0,1,1,2,"PF, C"
8948,New York Knicks,1970s,Bob McAdoo,171,26.67,11.99,3.31,1.33,1.39,0,0,0,1,1,21.6272,0,0,0,1,1,2,"PF, C"
8952,New York Knicks,1970s,Dave DeBusschere,388,15.95,10.66,3.14,0.17,0.1,0,0,0,1,0,17.0906,0,0,0,1,0,1,PF
9002,New York Knicks,1970s,Walt Frazier,605,20.74,6.26,6.37,0.97,0.08,1,0,0,0,0,18.1581,1,0,0,0,0,1,PG
9003,New York Knicks,1970s,Willis Reed,253,17.39,11.68,1.92,0.05,0.08,0,0,0,0,1,17.4134,0,0,0,0,1,1,C
9041,New York Knicks,1980s,Mark Jackson,154,15.15,4.79,9.66,2.23,0.08,1,0,0,0,0,17.0636,1,0,0,0,0,1,PG
9045,New York Knicks,1980s,Michael Ray Richardson,243,16.53,6.79,8.36,2.92,0.46,1,1,0,0,0,19.3729,1,1,0,0,0,2,"PG, SG"
9051,New York Knicks,1980s,Patrick Ewing,275,21.17,8.81,1.89,1.32,2.82,0,0,0,1,1,19.6602,0,0,0,1,1,2,"PF, C"
9126,New York Knicks,1990s,Patrick Ewing,702,24.09,11.02,2.15,0.94,2.7,0,0,0,0,1,21.4445,0,0,0,0,1,1,C
9250,New York Knicks,2010s,David Lee,81,20.25,11.72,3.64,1.05,0.49,0,0.0003,0.0172,0.6637,0.3191,18.207,0,0,0,1,1,2,"PF, C"
9383,New York Knicks,2020s,Julius Randle,330,22.56,9.85,4.67,0.73,0.34,0,0,0.0063,0.9392,0.0561,17.8927,0,0,0,1,1,2,"PF, C"
9385,New York Knicks,2020s,Karl-Anthony Towns,147,22.2,12.31,3.05,0.93,0.61,0,0,0,0.1441,0.8559,18.8776,0,0,0,1,1,2,"PF, C"
9427,Oklahoma City Thunder,1960s,Bob Rule,164,21.03,10.47,1.46,0,0,0,0,0,0,1,17.6473,0,0,0,0,1,1,C
9436,Oklahoma City Thunder,1960s,Lenny Wilkens,82,22.38,6.23,8.22,0,0,1,0,0,0,0,19.8635,1,0,0,0,0,1,PG
9441,Oklahoma City Thunder,1960s,Walt Hazzard,79,23.97,4.2,6.24,0,0,1,0,0,0,0,17.959,1,0,0,0,0,1,PG
9450,Oklahoma City Thunder,1970s,Bob Rule,100,21.97,9.26,1.57,0,0,0,0,0,0,1,17.3223,0,0,0,0,1,1,C
9485,Oklahoma City Thunder,1970s,Lenny Wilkens,226,18.47,4.58,9.31,0.81,0.06,1,0,0,0,0,18.2473,1,0,0,0,0,1,PG
9489,Oklahoma City Thunder,1970s,Marvin Webster,82,13.95,12.62,2.48,0.59,1.98,0,0,0,0,1,17.1512,0,0,0,0,1,1,C
9500,Oklahoma City Thunder,1970s,Spencer Haywood,326,24.94,12.13,2.36,0.8,1.45,0,0,0,1,0,20.5231,0,0,0,1,0,1,PF
9541,Oklahoma City Thunder,1980s,Jack Sikma,551,17.93,10.96,3.54,1.1,1.09,0,0,0,0,1,17.9013,0,0,0,0,1,1,C
9673,Oklahoma City Thunder,2000s,Gary Payton,295,22.73,5.2,8.71,1.71,0.28,0.8075,0.1925,0,0,0,18.9234,1,1,0,0,0,2,"PG, SG"
9767,Oklahoma City Thunder,2010s,Kevin Durant,487,28.89,7.57,4.04,1.23,1.05,0,0.0126,0.6439,0.3148,0.03,20.0483,0,0,1,1,0,2,"SF, PF"
9787,Oklahoma City Thunder,2010s,Paul George,156,24.96,6.89,3.72,2.12,0.47,0,0.1609,0.7513,0.0883,0.0013,18.3584,0,1,1,1,0,3,"SG, SF, PF"
9795,Oklahoma City Thunder,2010s,Russell Westbrook,739,23.82,7.25,8.74,1.8,0.32,0.8715,0.1286,0.0009,0,0,20.7005,1,1,0,0,0,2,"PG, SG"
9879,Oklahoma City Thunder,2020s,Shai Gilgeous-Alexander,448,27.95,5.07,5.67,1.48,0.84,0.7075,0.2187,0.077,0.0008,0,19.2776,1,1,1,0,0,3,"PG, SG, SF"
9953,Orlando Magic,1990s,Shaquille O'Neal,295,27.18,12.51,2.43,0.82,2.79,0,0,0,0,1,23.5353,0,0,0,0,1,1,C
9994,Orlando Magic,2000s,Dwight Howard,407,17.29,12.55,1.43,0.89,2,0,0,0,0.2625,0.7375,18.4321,0,0,0,1,1,2,"PF, C"
10048,Orlando Magic,2000s,Tracy McGrady,295,28.13,7.01,5.2,1.53,0.99,0.0172,0.5725,0.3782,0.0326,0,20.4843,0,1,1,0,0,2,"SG, SF"
10081,Orlando Magic,2010s,Dwight Howard,214,20.56,13.86,1.66,1.23,2.48,0,0,0,0.0053,0.9947,21.6443,0,0,0,0,1,1,C
10197,Orlando Magic,2020s,Nikola VuÄeviÄ,106,21.65,11.23,3.67,0.91,0.71,0,0,0,0.0133,0.988,18.5732,0,0,0,0,1,1,C
10262,Philadelphia 76ers,1960s,Wilt Chamberlain,277,27.62,23.94,6.78,0,0,0,0,0,0,1,31.1868,0,0,0,0,1,1,C
10269,Philadelphia 76ers,1970s,Bill Bridges,74,13.34,13.28,2.45,0,0,0,0,0,1,0,17.3143,0,0,0,1,0,1,PF
10270,Philadelphia 76ers,1970s,Billy Cunningham,337,22.42,11.39,5.16,0.34,0.13,0,0,1,0,0,20.9937,0,0,1,0,0,1,SF
10295,Philadelphia 76ers,1970s,George McGinnis,234,21.56,11.49,4.08,2.13,0.45,0,0,0,1,0,20.0799,0,0,0,1,0,1,PF
10310,Philadelphia 76ers,1970s,Julius Erving,234,21.8,7.44,4.03,1.82,1.32,0,0,1,0,0,17.7405,0,0,1,0,0,1,SF
10349,Philadelphia 76ers,1980s,Charles Barkley,389,22.15,11.98,3.54,1.58,1.23,0,0,0,1,0,20.7741,0,0,0,1,0,1,PF
10374,Philadelphia 76ers,1980s,Julius Erving,602,22.03,6.41,3.79,1.8,1.63,0,1,1,0,0,18.5083,0,1,1,0,0,2,"SG, SF"
10386,Philadelphia 76ers,1980s,Moses Malone,302,23.9,13.4,1.38,0.97,1.53,0,0,0,0,1,20.5242,0,0,0,0,1,1,C
10411,Philadelphia 76ers,1990s,Allen Iverson,204,23.67,4.14,6.29,2.17,0.27,0.6385,0.3417,0.0198,0,0,17.6709,1,1,0,0,0,2,"PG, SG"
10424,Philadelphia 76ers,1990s,Charles Barkley,221,25.19,10.95,4.07,1.78,0.57,0,0,0.1171,0.8584,0.0269,20.7689,0,0,1,1,0,2,"SF, PF"
10521,Philadelphia 76ers,2000s,Allen Iverson,493,29.93,3.86,6.08,2.4,0.15,0.5285,0.4604,0.011,0,0,19.6125,1,1,0,0,0,2,"PG, SG"
10613,Philadelphia 76ers,2010s,Ben Simmons,160,16.35,8.48,7.94,1.58,0.82,0.8105,0.1895,0,0,0,18.8736,1,1,0,0,0,2,"PG, SG"
10670,Philadelphia 76ers,2010s,Joel Embiid,158,24.26,11.42,3.16,0.72,1.96,0,0,0,0,1,20.9438,0,0,0,0,1,1,C
10735,Philadelphia 76ers,2020s,Ben Simmons,115,15.36,7.49,7.44,1.84,0.59,0.7529,0.2329,0.0127,0,0,17.6168,1,1,0,0,0,2,"PG, SG"
10773,Philadelphia 76ers,2020s,James Harden,79,20.99,6.37,10.61,1.23,0.46,0.508,0.4372,0.058,0,0,19.8789,1,1,1,0,0,3,"PG, SG, SF"
10778,Philadelphia 76ers,2020s,Joel Embiid,332,29.25,10.47,3.94,0.96,1.43,0,0,0,0,1,22.0594,0,0,0,0,1,1,C
10840,Phoenix Suns,1960s,Dick Van Arsdale,80,20.98,6.85,4.85,0,0,0,1,0,0,0,17.6302,0,1,0,0,0,1,SG
10842,Phoenix Suns,1960s,Gail Goodrich,81,23.84,5.4,6.4,0,0,1,0,0,0,0,18.7236,1,0,0,0,0,1,PG
10845,Phoenix Suns,1960s,Jim Fox,51,13.78,13.31,2.8,0,0,0,0,0,0,1,17.7021,0,0,0,0,1,1,C
10850,Phoenix Suns,1970s,Alvan Adams,299,17.61,8.86,4.54,1.38,1.1,0,0,0,0,1,17.475,0,0,0,0,1,1,C
10857,Phoenix Suns,1970s,Charlie Scott,208,24.82,4.13,5.3,1.01,0.22,1,0,0,0,0,17.6145,1,0,0,0,0,1,PG
10859,Phoenix Suns,1970s,Connie Hawkins,311,20.48,9.02,4.31,0.03,0.01,0,0,1,0,0,18.4003,0,0,1,0,0,1,SF
10870,Phoenix Suns,1970s,Gail Goodrich,81,20.05,4.2,7.47,0,0,1,0,0,0,0,17.4011,1,0,0,0,0,1,PG
10899,Phoenix Suns,1970s,Paul Silas,239,14.06,12.08,3.36,0,0,0,0,0,1,0,17.4244,0,0,0,1,0,1,PF
10911,Phoenix Suns,1970s,Walter Davis,160,23.92,5.36,3.82,1.62,0.29,0,0,1,0,0,17.1018,0,0,1,0,0,1,SF
10943,Phoenix Suns,1980s,Kevin Johnson,109,18.37,4.21,11.33,1.63,0.28,1,0,0,0,0,18.4043,1,0,0,0,0,1,PG
10966,Phoenix Suns,1980s,Tom Chambers,81,25.74,8.44,2.85,1.07,0.68,0,0,0,1,0,17.961,0,0,0,1,0,1,PF
10983,Phoenix Suns,1990s,Charles Barkley,280,23.41,11.54,4.35,1.59,0.76,0,0,0.1171,0.8584,0.0269,20.7376,0,0,1,1,0,2,"SF, PF"
11006,Phoenix Suns,1990s,Jason Kidd,165,13.22,6.11,9.58,2.15,0.35,0.6525,0.3342,0.0133,0,0,17.4511,1,1,0,0,0,2,"PG, SG"
11097,Phoenix Suns,2000s,Jason Kidd,144,15.68,6.78,9.94,2.08,0.35,0.9232,0.0769,0.0008,0,0,18.8193,1,1,0,0,0,2,"PG, SG"
11137,Phoenix Suns,2000s,Shawn Marion,660,18.38,10.02,2.02,1.89,1.35,0,0.0148,0.6225,0.3624,0.002,17.9642,0,0,1,1,0,2,"SF, PF"
11318,Phoenix Suns,2020s,Kevin Durant,145,26.81,6.34,4.61,0.83,1.23,0,0.0629,0.1544,0.6185,0.1678,18.7375,0,1,1,1,1,4,"SG, SF, PF, C"
11357,Portland Trail Blazers,1970s,Bill Walton,209,17.12,13.5,4.42,0.98,2.55,0,0,0,0,1,19.9704,0,0,0,0,1,1,C
11390,Portland Trail Blazers,1970s,Leroy Ellis,74,15.93,12.26,3.18,1.22,2.95,0,0,0,0,1,18.053,0,0,0,0,1,1,C
11394,Portland Trail Blazers,1970s,Maurice Lucas,216,19.06,10.35,2.86,0.97,0.89,0,0,0,1,0,17.7887,0,0,0,1,0,1,PF
11405,Portland Trail Blazers,1970s,Sidney Wicks,398,22.32,10.27,4.14,1.25,0.91,0,0,0,1,0,19.6563,0,0,0,1,0,1,PF
11431,Portland Trail Blazers,1980s,Clyde Drexler,478,19.84,5.85,5.6,2.3,0.67,0,1,0,0,0,17.7306,0,1,0,0,0,1,SG
11502,Portland Trail Blazers,1990s,Clyde Drexler,389,21.99,6.53,5.8,1.78,0.7,0.0156,0.9544,0.0252,0,0,18.3645,0,1,0,0,0,1,SG
11741,Portland Trail Blazers,2020s,Damian Lillard,220,29.4,4.38,7.6,0.9,0.31,0.9817,0.0183,0,0,0,19.0097,1,0,0,0,0,1,PG
11756,Portland Trail Blazers,2020s,Hassan Whiteside,67,15.52,13.51,1.16,0.39,2.93,0,0,0,0,1,19.0231,0,0,0,0,1,1,C
11837,Sacramento Kings,1960s,Jerry Lucas,461,19.67,19.16,3.03,0,0,0,0,0,1,0,23.3011,0,0,0,1,0,1,PF
11848,Sacramento Kings,1960s,Oscar Robertson,683,29.66,8.72,10.5,0,0,1,0,0,0,0,25.2442,1,0,0,0,0,1,PG
11916,Sacramento Kings,1970s,Oscar Robertson,69,25.33,6.12,8.09,0,0,1,0,0,0,0,20.7197,1,0,0,0,0,1,PG
11932,Sacramento Kings,1970s,Tiny Archibald,433,25.15849885,2.788429561,8.079630485,0.696743649,0.066073903,1,0,0,0,0,18.68923025,1,0,0,0,0,1,PG
11947,Sacramento Kings,1980s,Cliff Robinson,38,20.24,8.47,1.87,1.21,1.58,0,0,0,1,0,17.0669,0,0,0,1,0,1,PF
12030,Sacramento Kings,1990s,Chris Webber,42,19.98,12.98,4.12,1.43,2.12,0,0,0,0.4929,0.5071,22.1777,0,0,0,1,1,2,"PF, C"
12125,Sacramento Kings,2000s,Chris Webber,335,23.89,10.33,4.83,1.52,1.39,0,0,0,0.8868,0.1132,21.3755,0,0,0,1,1,2,"PF, C"
12210,Sacramento Kings,2010s,DeMarcus Cousins,470,21.05,10.76,2.98,1.41,1.19,0,0,0,0.1322,0.8703,19.0462,0,0,0,1,1,2,"PF, C"
12265,Sacramento Kings,2010s,Rajon Rondo,72,11.93,6.04,11.65,1.96,0.14,0.9113,0.089,0,0,0,17.7047,1,1,0,0,0,2,"PG, SG"
12309,Sacramento Kings,2020s,De'Aaron Fox,360,24.5,4.17,6.21,1.47,0.42,0.9436,0.0564,0,0,0,17.2499,1,1,0,0,0,2,"PG, SG"
12317,Sacramento Kings,2020s,Domantas Sabonis,265,18.96,13.08,6.92,0.82,0.46,0,0,0,0.2472,0.7541,20.294,0,0,0,1,1,2,"PF, C"
12389,San Antonio Spurs,1970s,George Gervin,244,26.61,5.22,3.11,1.55,1.25,0,1,1,0,0,17.4865,0,1,1,0,0,2,"SG, SF"
12395,San Antonio Spurs,1970s,Larry Kenon,240,21.53,10.18,3.47,1.82,0.43,0,0,1,1,0,18.9125,0,0,1,1,0,2,"SF, PF"
12531,San Antonio Spurs,1990s,David Robinson,685,24.4,11.51,2.96,1.57,3.39,0,0,0,0,1,24.2315,0,0,0,0,1,1,C
12582,San Antonio Spurs,1990s,Tim Duncan,132,21.33,11.73,2.61,0.76,2.52,0,0,0.0319,0.7464,0.2218,20.7036,0,0,0,1,1,2,"PF, C"
12677,San Antonio Spurs,2000s,Tim Duncan,767,21.42,11.73,3.26,0.77,2.33,0,0,0,0.4291,0.5709,20.8621,0,0,0,1,1,2,"PF, C"
12829,San Antonio Spurs,2020s,Victor Wembanyama,181,23.41,11.03,3.54,1.14,3.46,0,0,0,0,1,23.5309,0,0,0,0,1,1,C
12999,Toronto Raptors,2010s,Chris Bosh,70,23.97,10.84,2.37,0.61,0.97,0,0,0,0.3236,0.6764,18.3289,0,0,0,1,1,2,"PF, C"
13037,Toronto Raptors,2010s,Kawhi Leonard,60,26.6,7.32,3.32,1.77,0.4,0,0.097,0.8278,0.0767,0,18.3577,0,1,1,1,0,3,"SG, SF, PF"
13147,Toronto Raptors,2020s,Pascal Siakam,294,22.8,7.57,4.84,1.04,0.61,0,0,0.0851,0.7822,0.1362,17.5546,0,0,1,1,1,3,"SF, PF, C"
13196,Utah Jazz,1970s,Pete Maravich,313,25.67,4.46,5.72,1.44,0.28,0,1,0,0,0,18.3628,0,1,0,0,0,1,SG
13204,Utah Jazz,1970s,Spencer Haywood,34,24,9.62,2.09,0.88,1.56,0,0,0,1,0,18.5525,0,0,0,1,0,1,PF
13208,Utah Jazz,1970s,Truck Robinson,125,23.21,14.92,1.96,0.82,1.14,0,0,0,1,0,21.329,0,0,0,1,0,1,PF
13210,Utah Jazz,1980s,Adrian Dantley,461,29.58,6.17,3.69,1.09,0.13,0,0,1,0,0,17.6298,0,0,1,0,0,1,SF
13254,Utah Jazz,1980s,Karl Malone,325,23.31,10.5,2.5,1.45,0.69,0,0,0,1,0,18.6354,0,0,0,1,0,1,PF
13317,Utah Jazz,1990s,John Stockton,766,14.95,2.9,11.94,2.29,0.23,1,0,0,0,0,17.6268,1,0,0,0,0,1,PG
13319,Utah Jazz,1990s,Karl Malone,785,27.22,10.74,3.68,1.41,0.86,0,0,0.1398,0.726,0.1369,21.0617,0,0,1,1,1,3,"SF, PF, C"
13373,Utah Jazz,2000s,Karl Malone,324,22.93,8.52,4.27,1.42,0.69,0,0,0.0089,0.8388,0.1545,18.4144,0,0,0,1,1,2,"PF, C"
13417,Utah Jazz,2010s,Carlos Boozer,78,19.47,11.21,3.17,1.08,0.46,0,0,0.0197,0.6689,0.3127,17.337,0,0,0,1,1,2,"PF, C"
13422,Utah Jazz,2010s,Deron Williams,129,19.75,3.94,10.17,1.24,0.22,0.7556,0.2349,0.01,0,0,17.3873,1,1,0,0,0,2,"PG, SG"
13568,Utah Jazz,2020s,Rudy Gobert,205,14.97,13.87,1.28,0.66,2.25,0,0,0,0,1,18.4184,0,0,0,0,1,1,C
13587,Washington Wizards,1960s,Bailey Howell,158,18.34,10.39,2.3,0,0,0,0,0,1,0,17.2147,0,0,0,1,0,1,PF
13600,Washington Wizards,1960s,Earl Monroe,162,25.04,4.6,4.57,0,0,0,1,0,0,0,17.5067,0,1,0,0,0,1,SG
13606,Washington Wizards,1960s,Gus Johnson,377,18.51,12.74,2.66,0,0,0,0,1,1,0,18.8858,0,0,1,1,0,2,"SF, PF"
13641,Washington Wizards,1960s,Terry Dischinger,137,22.73131387,8.215182482,2.421824818,0,0,0,0,1,0,0,17.50135401,0,0,1,0,0,1,SF
13646,Washington Wizards,1960s,Walt Bellamy,327,27.58415902,16.63061162,2.376941896,0,0,0,0,0,0,1,24.08814832,0,0,0,0,1,1,C
13648,Washington Wizards,1960s,Wes Unseld,82,13.79,18.18,2.6,0,0,0,0,0,0,1,20.4528,0,0,0,0,1,1,C
13670,Washington Wizards,1970s,Elvin Hayes,569,21.53173989,13.39449912,1.875834798,1.066467487,2.102302285,0,0,0,1,0,19.80532197,0,0,0,1,0,1,PF
13676,Washington Wizards,1970s,Gus Johnson,183,15.32,13.33,2.77,0,0,0,0,0,1,0,18.2186,0,0,0,1,0,1,PF
13708,Washington Wizards,1970s,Wes Unseld,757,10.82291942,13.88250991,4.059616909,0.67675033,0.356327609,0,0,0,0,1,17.8280321,0,0,0,0,1,1,C
13736,Washington Wizards,1980s,Elvin Hayes,162,20.36,10.4,1.4,0.8,2.22,0,0,0,1,0,18.4134,0,0,0,1,0,1,PF
13750,Washington Wizards,1980s,Jeff Ruland,303,18.66,10.84,3.25,0.79,0.85,0,0,0,1,1,17.1241,0,0,0,1,1,2,"PF, C"
13775,Washington Wizards,1980s,Moses Malone,152,22.15,11.24,1.53,0.78,1.08,0,0,0,0,1,17.8067,0,0,0,0,1,1,C
13811,Washington Wizards,1990s,Chris Webber,212,20.94891509,9.662924528,4.415330189,1.619858491,1.676839623,0,0,0,0.4929,0.5071,20.29413349,0,0,0,1,1,2,"PF, C"
13869,Washington Wizards,1990s,Rod Strickland,202,17.07524752,4.713762376,9.713564356,1.704356436,0.217524752,0.9502,0.0498,0,0,0,17.24203267,1,0,0,0,0,1,PG
13912,Washington Wizards,2000s,Gilbert Arenas,304,25.81,4.31,5.59,1.86,0.25,0.922,0.078,0,0,0,17.6269,1,1,0,0,0,2,"PG, SG"
14011,Washington Wizards,2010s,John Wall,573,18.99,4.33,9.22,1.7,0.69,0.9329,0.0685,0,0,0,18.0824,1,1,0,0,0,2,"PG, SG"
14075,Washington Wizards,2020s,Bradley Beal,207,27.57,4.4,5.55,1.07,0.45,0.0708,0.6912,0.2315,0.008,0,17.5441,1,1,1,0,0,3,"PG, SG, SF"
14132,Washington Wizards,2020s,Kristaps PorziÅÄ£is,82,22.94,8.49,2.73,0.85,1.52,0,0,0,0.0832,0.9168,17.9811,0,0,0,1,1,2,"PF, C"
14151,Washington Wizards,2020s,Russell Westbrook,65,22.23,11.54,11.74,1.37,0.35,0.7392,0.2095,0.0477,0.0077,0,24.0728,1,1,0,0,0,2,"PG, SG"
