Team,Player
Washington Wizards,16
Atlanta Hawks,15
Detroit Pistons,14
Phoenix Suns,14
Golden State Warriors,13
Los Angeles Lakers,13
New York Knicks,13
Los Angeles Clippers,12
Denver Nuggets,11
Oklahoma City Thunder,11
Philadelphia 76ers,11
Houston Rockets,10
Sacramento Kings,9
Utah Jazz,9
Boston Celtics,8
Chicago Bulls,8
Cleveland Cavaliers,8
Brooklyn Nets,7
Portland Trail Blazers,7
Indiana Pacers,6
Minnesota Timberwolves,6
Miami Heat,5
San Antonio Spurs,5
Dallas Mavericks,4
Milwaukee Bucks,4
Orlando Magic,4
Charlotte Hornets,3
New Orleans Pelicans,3
Toronto Raptors,3
Memphis Grizzlies,2
